epoch,lr,train_loss,validation_loss,dice_red,dice_green,dice_blue,dice_average,iou_red,iou_green,iou_blue,iou_average,accuracy_red,accuracy_green,accuracy_blue,accuracy_average,fpr_red,fpr_green,fpr_blue,fpr_average,fnr_red,fnr_green,fnr_blue,fnr_average,precision_red,precision_green,precision_blue,precision_average,recall_red,recall_green,recall_blue,recall_average,dice_red_e,dice_green_e,dice_blue_e,dice_average_e,iou_red_e,iou_green_e,iou_blue_e,iou_average_e,accuracy_red_e,accuracy_green_e,accuracy_blue_e,accuracy_average_e,fpr_red_e,fpr_green_e,fpr_blue_e,fpr_average_e,fnr_red_e,fnr_green_e,fnr_blue_e,fnr_average_e,precision_red_e,precision_green_e,precision_blue_e,precision_average_e,recall_red_e,recall_green_e,recall_blue_e,recall_average_e
1,0.002,14.569043843075633,0.7023857515305281,0.330051179636807,0.5729659341515025,0.395534410228471,0.4328505080055938,0.24857609383674573,0.45024380385060797,0.3221480287935992,0.34032264216031777,0.9956797594577074,0.9910779749974609,0.9963698154687881,0.9943758499746516,0.0009918024377142843,0.0034293558284488766,0.0010133444259660962,0.0018115008973764181,0.7070151624362916,0.4530073507782072,0.6178183653252199,0.5926136261799069,0.41185907304286956,0.6192848579841665,0.4298782437425689,0.48700739158986794,0.2929848375809888,0.5469926499066059,0.382181634685694,0.4073863740577634,0.7075710310025162,0.7468781263640757,0.809062738766831,0.7545039653778076,0.5542615446146955,0.5987777267948965,0.6812614825334442,0.6114335846476787,0.9972425371073605,0.9948028868503784,0.9985190402255969,0.9968548213944455,0.0017950047521061903,0.0011928923123285928,0.0005712387138281771,0.00118637859275432,0.22088655084371567,0.34161707541246095,0.22123307918899515,0.2612455684817239,0.659142435601588,0.8673976934357975,0.8458151000269344,0.7907850763547732,0.7791134507468577,0.6583829217412499,0.7787669200575753,0.738754430848561
2,0.0018000000000000002,5.540153928101063,0.5814338647760451,0.7494776688143611,0.8003532408177852,0.8274239008128643,0.792418270148337,0.6056112787872553,0.6688123182579875,0.7071725494042039,0.6605320488164818,0.9979226225614548,0.9953792381286621,0.998587335050106,0.9972963985800739,0.0006467565635125539,0.0018379478987117183,0.0006044690936050756,0.0010297245186097822,0.30595511056482794,0.22771718903444707,0.18512389791663736,0.23959873250530428,0.8309921136125922,0.8367780973762273,0.848467004597187,0.8387457385286701,0.6940448896214366,0.7722828110307455,0.814876102283597,0.7604012676452586,0.7933582321981366,0.8089991319045592,0.8521841958667455,0.8181805199898137,0.6620594085602278,0.6803038729710525,0.7438840383893988,0.6954157733068931,0.9983567930339428,0.995214606269022,0.9987564991029461,0.9974426328019704,0.0004991569363033357,0.003246928300980604,0.0007777625513053761,0.0015079492628631052,0.2637649327516556,0.13450652222787396,0.11482952510038119,0.17103366002663686,0.869045553582438,0.7604546218775632,0.8237632037548537,0.817754459738285,0.7362350650717703,0.8654934790696991,0.8851704764901922,0.8289663402105538
3,0.0016200000000000001,4.786797740962356,0.5799862458370626,0.7895774684101343,0.8259915142506361,0.8506676782667637,0.8220788869758446,0.6575652896799147,0.7047705368697643,0.7413528835773469,0.701229570042342,0.9982281752675771,0.9959396371245384,0.9987676676362753,0.9976451600094636,0.000596619624154755,0.0016215773268777412,0.0005423158485518797,0.0009201709331947926,0.2547827625460923,0.19955796593334527,0.15884848608169705,0.20439640485371174,0.8525317426398397,0.8580692131072283,0.8653970015048981,0.8586659857506563,0.7452172357402742,0.800442033931613,0.8411515144258738,0.7956035946992545,0.6867647140883328,0.8303846154320106,0.8191540910956565,0.778767806872,0.5300408533115065,0.7109798795721504,0.6954267634434647,0.6454824987757072,0.9978616726532411,0.9961156490143765,0.9983177252030104,0.9974316822902095,0.00017531148193300171,0.0016925271732596617,0.0014360841733843004,0.001101307609525655,0.4505030350403839,0.1876961716105429,0.06294159026125844,0.23371359897072838,0.9371619485737233,0.8507818733708242,0.7298870274190152,0.8392769497878543,0.5494969637876146,0.8123038290591722,0.9370584119571729,0.7662864016013198
4,0.001458,4.308789936127141,0.45893261511810124,0.8153814506903291,0.8430733307451009,0.8600892489403487,0.8395146767919265,0.6927435380965471,0.7296682251989841,0.7558345680683851,0.7260821104546387,0.998443326279521,0.9963281278312206,0.9988472448289394,0.9978728996465607,0.0005259379338190228,0.0014881926836824277,0.0005156985562371119,0.0008432763912461868,0.22633667916990816,0.1794176976196468,0.14805157015565784,0.18460198231507097,0.8703914844244719,0.8703490844368935,0.8731847771257162,0.8713084486623599,0.7736633214727044,0.8205823016911745,0.8519484297186136,0.8153980176274979,0.8154296466473783,0.8456697470686408,0.8572695134730821,0.8394563023963669,0.6924622604686222,0.7335090657298484,0.7512427595224274,0.7257380285736328,0.9985685254750627,0.9964470240507233,0.998917677429285,0.9979777423183573,0.0002872425561844047,0.0015972946937917994,0.00026689304952546325,0.0007171434331672224,0.26235860276423145,0.16825132339857937,0.19944859170511867,0.2100195059559766,0.9195197840754905,0.861244986566265,0.9242465770646427,0.9016704492354659,0.7376413984914844,0.8317486804522826,0.8005514051137346,0.789980494685834
5,0.0013122000000000001,3.842253536451608,0.46218920312821865,0.8408995300531388,0.8594957763701677,0.8715056405216456,0.8573003156483163,0.7283785161748528,0.7543437143415213,0.773257561326027,0.7519932639474669,0.998641685768962,0.9967019594460725,0.9989388896524907,0.9980941782891751,0.0004738318051931856,0.0013672227874121745,0.0004803870054729487,0.0007738138660261019,0.19489602263318376,0.15901988827157765,0.13439961574506015,0.16277184221660726,0.8855544236302376,0.8815567645430565,0.8811154090613127,0.8827421990782021,0.8051039766147733,0.8409801126271487,0.8656003835052252,0.8372281575823822,0.8417697669414992,0.829888153611944,0.8727197359117229,0.8481258854883886,0.7303039947252595,0.7107212067989821,0.7750807799650042,0.7387019938297485,0.9987636074591218,0.9963502535659275,0.9990162762363305,0.9980433790871269,0.00026882235348300507,0.0008738023625278657,0.0002966444981722632,0.0004797564047277115,0.2252899550654915,0.23722852515370657,0.16846560845884045,0.21032802955934624,0.9267170576567061,0.9119377008984598,0.9198003913579362,0.9194850499710338,0.7747100457716524,0.7627714711628603,0.8315343917085883,0.7896719695477005
6,0.00118098,3.5855883166659623,0.36476990091614425,0.8523714445531368,0.8680254793912172,0.8787033858150244,0.8663667699197931,0.7454370412603021,0.7675978790968656,0.7845500767230987,0.7658616656934221,0.9987394028156996,0.9969116085767746,0.9989988042414188,0.998216605211297,0.00044854333109924484,0.0012895049827420734,0.0004563543817403115,0.000731467565193877,0.17974335638806224,0.14960959598887713,0.12690435965079813,0.15208577067591253,0.8915207367390394,0.8881487012654543,0.8876085866242647,0.8890926748762533,0.8202566438168287,0.8503904035687446,0.8730956403911114,0.8479142292588945,0.8705552106492975,0.8736099486940363,0.8882555847757319,0.877473581373022,0.7727399106775776,0.776163491640198,0.7995442841829878,0.7828158955002545,0.9989294295900324,0.9970758845297139,0.9991071826956245,0.9983708322717906,0.0004406157922551685,0.0013156852075369672,0.00037349167468256496,0.0007099308914915669,0.1508366119828117,0.13834725378939275,0.1271914074595055,0.13879175774390332,0.8943989384040404,0.8864448612995361,0.9053317415580321,0.8953918470872024,0.8491633869289013,0.8616527466291792,0.8728085917033507,0.8612082417538107
7,0.001062882,3.3103301704395562,0.34777832170948386,0.8662193463742733,0.8779237120598554,0.8869205848127604,0.877021214415629,0.7661851320043206,0.7830026344954968,0.7974989393353462,0.7822289019450536,0.9988501541316509,0.9971240278333425,0.9990646418184042,0.9983462745944646,0.00041576925107619897,0.0012208496348830521,0.0004290845891227946,0.0006885678250273489,0.16226729933638126,0.13718641357962041,0.11865845546592027,0.13937072279397403,0.900106830894947,0.8953002124279738,0.8950336818397046,0.8968135750542099,0.8377327005192637,0.8628135864436627,0.8813415449857712,0.8606292773162332,0.8734840402442418,0.8831193848942103,0.8831932243336452,0.8799322164906992,0.7772375459081671,0.7912423322709758,0.7912927323512817,0.7865908701768081,0.9989284384116698,0.9972737103365781,0.9991019991006744,0.9984347159496402,0.0005469670144153048,0.001325066133370895,0.00022826998259445778,0.0007001010434602194,0.12691139722808023,0.12097133093335655,0.16429702929231557,0.13739325248458412,0.8750326988402377,0.8876450838667623,0.9372811813033028,0.899986321336767,0.8730886036090637,0.8790286685643571,0.8357029697868261,0.8626067473200822
8,0.0009565938,3.086519629578106,0.3506577124353498,0.87611987054348,0.8863927387446165,0.8933418357372284,0.8852848150084415,0.7812291299551726,0.7964090634137392,0.8078138846158981,0.7951506926616031,0.9989293693751097,0.997313022017479,0.9991144926846027,0.9984522946923974,0.00039825757224207334,0.001152625362992694,0.0004061715730767901,0.0006523515027705201,0.15005983525887132,0.12737669080030173,0.11196391725563444,0.12980014777160245,0.9062469807267189,0.9018686329573393,0.9007194693386554,0.9029450276742373,0.8499401646852494,0.8726233085989952,0.8880360834300518,0.8701998522381011,0.870837926864624,0.8767686526427109,0.8965662322687299,0.8813909372586881,0.7732229674800059,0.7812170573834623,0.8130279324027929,0.7891559857554205,0.9989746782217133,0.9972046499841669,0.9991626223821318,0.9984473168626704,0.0002454943792707106,0.0010453369141441215,0.0004080343774710834,0.0005662885569619718,0.1846811900312981,0.15038763246174608,0.10586356133055151,0.1469774612745319,0.9367991853296087,0.9062491595075371,0.8997142268030831,0.9142541905467426,0.815318812145276,0.849612368626541,0.8941364408878798,0.8530225405532321
9,0.00086093442,2.9251566217280924,0.3306250600144267,0.883411205932498,0.8917200484871864,0.8987756751477718,0.8913023098558187,0.7926456447690725,0.805041364133358,0.8166438524425029,0.8047769537816448,0.9989911308139563,0.9974352691322566,0.999158401042223,0.9985282669961442,0.00037994308887391527,0.0011114844737676322,0.0003892293834132943,0.0006268856486849467,0.14047301372746004,0.12047191862482577,0.10596025245962665,0.12230172827063748,0.9106370224058629,0.9055140966176987,0.9051001954078675,0.9070837714771433,0.8595269855111838,0.8795280817896127,0.8940397466719151,0.8776982713242363,0.8752814718846524,0.8830307193016738,0.9019319408395318,0.8867480440086198,0.7799412480900797,0.7911487462815274,0.8217423598418075,0.7976107847378048,0.9990036983168527,0.9973535758725712,0.9992104360226834,0.9985225700707027,0.00021958685543170995,0.0009164755020730113,0.0003640209864223313,0.0005000277813090175,0.1818335046259205,0.1479074302851484,0.10540839133972532,0.14504977541693145,0.9427372043052417,0.916832501968641,0.9100276345617315,0.9231991136118712,0.8181664957089371,0.8520925687939933,0.8945916074045589,0.8549502239691629
10,0.000774840978,2.780490740435198,0.30217685643583536,0.8887457626312971,0.8973677207529545,0.9019607494771481,0.896024744287133,0.801079546585679,0.8141901188343763,0.821923793554306,0.8123978196581213,0.9990359460562468,0.9975663674622774,0.9991874898970127,0.9985966011385115,0.0003662060443457449,0.0010617835543234833,0.00037753840912955637,0.0006018426692662625,0.1340777004044503,0.11430078255943954,0.1020382046769373,0.11680556254694227,0.914467650204897,0.9101555052399636,0.9076679199188947,0.910763691787919,0.8659222998470067,0.8856992173194885,0.897961795553565,0.883194437573353,0.8940758109092712,0.8918937833121653,0.9040949873709947,0.896688193864144,0.8098329245374444,0.8053961871715074,0.82543826438068,0.8135557920298773,0.9991185350364513,0.9975653618909,0.9992398197731275,0.9986412389001593,0.000386258923161508,0.0007597895403225184,0.0002921133538743408,0.00047938727245278886,0.12021153286266863,0.1434463844372985,0.11553187609723445,0.1263965977990672,0.9099601681312818,0.9305877692244026,0.9251856690042475,0.9219112021199772,0.8797884663839018,0.8565536168184174,0.8844681221447633,0.8736034017823608
11,0.0006973568802,2.643006614409387,0.29354319302365184,0.8950114261358977,0.9023604941368103,0.9063023560494184,0.9012247587740412,0.8114091550558805,0.8223975244164466,0.8291084808856248,0.8209717201193172,0.9990919583290815,0.9976770884543658,0.9992241275310516,0.9986643914381665,0.0003480959180251375,0.0010195125226891831,0.00035961833376859433,0.0005757422581609717,0.12651766300201417,0.10836212266236543,0.09862722313962877,0.11116900293466937,0.9189916828274727,0.9140800189971924,0.9124514289200306,0.9151743769148979,0.8734823367744684,0.8916378775984048,0.9013727770745754,0.8888309971491501,0.8947062452187698,0.8952124145593536,0.9091783688309487,0.8996990095363573,0.8108910978510139,0.8108047802796524,0.8338470659898908,0.8185143147068525,0.9991425249014008,0.9976326541954212,0.9992608314149836,0.998678670170602,0.00029332478315859844,0.0007772516191732976,0.000392699580158243,0.00048775866083004637,0.1359258864200517,0.1364322750086195,0.08619217570410685,0.11951677904425936,0.9289786795551858,0.9295857387982057,0.9050239465209875,0.9211961216247927,0.864074115003093,0.863567725326238,0.9138078267654676,0.8804832223649328
12,0.0006276211921800001,2.537311383173801,0.28387222974561155,0.8995765053480863,0.9059806191176176,0.9096761151403189,0.9050777465353395,0.8185914086550474,0.8284340453147888,0.8347642463445664,0.827263233438135,0.9991224248707294,0.9977696841210126,0.9992512853443623,0.9987144647787022,0.00034266159369963136,0.000984568448693608,0.00034920253050586326,0.0005588108576330335,0.11947660786099731,0.10387353911995888,0.09444246290251612,0.10593086996115744,0.9206579194962978,0.9167271795123816,0.9147703850269318,0.9173851613452029,0.8805233921855689,0.8961264605075121,0.9055575371533632,0.8940691299488147,0.8970223758997542,0.9026036476821042,0.9117523117011852,0.9037927784276809,0.8144871338029925,0.8229005952899375,0.8381852862540256,0.825191005115652,0.999155934607045,0.9977057911037059,0.9992724978521969,0.9987114078543157,0.00027457186657107394,0.0012280658977053892,0.00043649561268282696,0.0006463777923197635,0.13516127678115716,0.09217609548836611,0.0723992298995511,0.0999122007230248,0.9327072394028139,0.89760645252935,0.8967637091540219,0.9090258003620619,0.8648387233862717,0.9078239068556367,0.9276007701841633,0.900087800142024
13,0.0005648590729620001,2.4382270864443853,0.2873926942702383,0.9033678989112377,0.9098062482476235,0.9123731063306332,0.9085157511631651,0.8248410645872355,0.8348062212765217,0.8392664747685195,0.8329712535440917,0.9991601372510195,0.9978550650924444,0.9992742142081261,0.9987631388505289,0.00033267180829852803,0.0009543003472936107,0.00033796248267208283,0.000541644879421407,0.11450807376299053,0.09918929833453148,0.09194997095502913,0.10188244768418375,0.9229158591479063,0.9195508194714784,0.9176005009561777,0.9200223931918537,0.8854919269680976,0.90081070125103,0.9080500297248364,0.8981175526479874,0.9038286376535223,0.899445658989167,0.9132011432326241,0.9054918132917709,0.8256981982274002,0.8176309272144617,0.8406356204761548,0.827988248639339,0.9992039893450362,0.9975500468457683,0.9993081407600575,0.9986873923169539,0.00032067740131025673,0.0017049074738045757,0.0002807205676341827,0.0007687684809163383,0.11470142161745704,0.06547067958987161,0.10133320570326923,0.09383510230353263,0.923854471592421,0.8671018963449457,0.9284893140364229,0.9064818939912631,0.8852985809358318,0.9345293219169873,0.8986667950501602,0.9061648993009935
14,0.0005083731656658001,2.3520375851076096,0.265951786423102,0.9073750893672805,0.9115894779190421,0.91527397544572,0.9107003588353596,0.8314348792701549,0.83859832839109,0.8441470275086366,0.8373860738519571,0.9991922966380591,0.9979241417348385,0.9992941955899416,0.9988038521756718,0.0003215042249185866,0.0009276232647425786,0.00032863998456876455,0.00052572395856411,0.10950484682102973,0.09696018507238477,0.08888058238738544,0.09916834665229535,0.9256925519476545,0.9209418971743435,0.9202294493646586,0.9216168711986392,0.8904951534074299,0.9030398152302951,0.9111194179413167,0.9008316536527139,0.9023602484317308,0.908916839722837,0.9147040890843681,0.9086603924129788,0.8232591600900285,0.8334258928727568,0.8431819958633251,0.8332890162753701,0.9991928225152948,0.9978946253155054,0.9992963263158048,0.9987945913822016,0.00030248517300044135,0.0009027758843443367,0.000428774895563753,0.0005446786509695103,0.12093466331952074,0.10347045229726963,0.06869406793057249,0.09769972784912093,0.9279115327288595,0.9218398935339424,0.8989862451392613,0.9162458904673543,0.8790653368060508,0.896529545275013,0.9313059308555689,0.9023002709788774
15,0.0004575358490992201,2.280899990699254,0.26261338079348207,0.9089671635068953,0.915913373157382,0.9173579598963261,0.9140794988535332,0.834730584193021,0.8450940015912056,0.8476737706363201,0.8424994521401831,0.9992111671715975,0.997994184717536,0.999310901761055,0.998838751216729,0.0003158667740353849,0.0008997257248483947,0.00032241647659247974,0.0005126696584920868,0.10725536358077079,0.09213442704174668,0.08656089457683265,0.09531689506645005,0.9271603118628263,0.9244968961924315,0.9220145227015019,0.9245572435855882,0.8927446354180575,0.9078655742853879,0.9134391057491302,0.9046831051508584,0.9038817634743251,0.9102396456043372,0.9174689362558086,0.9105301151114903,0.8257746301340253,0.8356462917970807,0.8478445102659504,0.8364218107323518,0.9992088635316055,0.9979106120848924,0.9993263891573703,0.9988152882579558,0.0002846268987187624,0.0009849331252737327,0.0003607033063877332,0.0005434211101267428,0.12118517737207787,0.09532336267025283,0.07767912938018863,0.09806255647417311,0.9314276281367527,0.9160560891869363,0.9130154412783934,0.9201663862006939,0.8788148231720656,0.9046766369530325,0.9223208715406697,0.9019374438885889
16,0.0004117822641892981,2.227854695636779,0.2607209556736052,0.9117787697166204,0.9177242911607028,0.9190706886351109,0.9161912498374787,0.8388319125771523,0.8481927984207869,0.8505981166660785,0.8458742758880067,0.999230378344655,0.9980349853634835,0.9993256326764822,0.9988636654615389,0.0003105843920502593,0.000885117045181687,0.0003155839758073853,0.0005037618043464439,0.10342640846967698,0.08985332945827394,0.08470908181276172,0.0926629399135709,0.9281466288119554,0.92587556168437,0.9234567284584045,0.9258263063182431,0.8965735916793346,0.9101466710120439,0.9152909176796675,0.907337060123681,0.9085881214463309,0.9095926217818529,0.9191443129871668,0.9124416854051169,0.8334637853536713,0.834524277220951,0.8507241640198097,0.8395707421981438,0.9992458070262095,0.9978427953934401,0.9993454753682854,0.9988113592626451,0.00027963838208430145,0.0013119433417895369,0.00032396560733983544,0.0006385157770712247,0.11411156827646694,0.07357263577620635,0.08221952725997132,0.0899679104375482,0.933236844084236,0.893502950668335,0.9208110684759161,0.9158502877428291,0.8858884331885348,0.9264273656887955,0.9177804743306021,0.9100320910693109
17,0.00037060403777036834,2.155516191269271,0.24821672576945275,0.9140415996313095,0.9204710482060909,0.9210786743462086,0.9185304407278698,0.8431670125201345,0.852865020558238,0.8540352702140808,0.8500224344308189,0.9992590595781803,0.9980994912981987,0.9993445971608161,0.9989010493457313,0.00029948515752039386,0.0008615067649225239,0.0003071485749933345,0.0004893801658120841,0.10054623217089102,0.08660975109087303,0.08305765592958778,0.0900712130637839,0.9298119709081948,0.9280373994261026,0.9257372634857893,0.9278622112733603,0.8994537676125764,0.9133902481943369,0.9169423428177833,0.9099287862082326,0.9099415527300888,0.9149193569515528,0.9186636946174536,0.9145082014330319,0.8358082804787025,0.8435062752680832,0.8499387060658316,0.8430844206042055,0.999257011359997,0.9980219120389959,0.9993528650048074,0.9988772628012667,0.0002878594032869402,0.0009025201362327494,0.00025219502914409163,0.0004808581895545937,0.10963592343450931,0.09257698686939947,0.09799703495221192,0.10006998175204027,0.9309708877895655,0.9226624664295925,0.9362877667619941,0.9299737069937178,0.8903640769840626,0.9074230140514588,0.90200296546636,0.8999300188339607
18,0.0003335436339933315,2.1083456237101927,0.24382310220971704,0.9163994935899973,0.9221428516507149,0.9225230360776187,0.9203551271061096,0.8466283443570137,0.855725990086794,0.8564691961556673,0.8529411768664911,0.9992743518948555,0.9981438855826855,0.9993544175475836,0.9989242183417086,0.0002950022450295364,0.0008406914059378324,0.00030272262308244535,0.0004794720913499375,0.09785411688033491,0.08487673934549093,0.08139842179138214,0.08804309267240257,0.931636318936944,0.9295893348008394,0.9269874183088541,0.9294043573488797,0.9021458826214075,0.9151232600212097,0.9186015790700912,0.9119569072375694,0.9124591089366527,0.9162056539835555,0.9218936207589139,0.9168527945597075,0.8400214769867029,0.8456921791762448,0.8554373658105229,0.8470503406578234,0.9992743455961849,0.9980563755785481,0.9993675230594163,0.9988994147447166,0.0002856558349684634,0.0008612545906942798,0.0003147222267809125,0.00048721088414788513,0.10531291440966424,0.09314345359132531,0.0791710198678997,0.09254246262296308,0.931574394863643,0.9258664270465293,0.9231957706172814,0.9268788641758179,0.8946870853391926,0.9068565455715308,0.920828982015674,0.9074575376421322
19,0.0003001892705939984,2.0696592417079955,0.24376211722847074,0.9187533196806907,0.9237353692948819,0.9239770133048296,0.9221552340934674,0.8505619808286429,0.8584840723127126,0.8590047225356102,0.8560169252256563,0.9992873395979405,0.9981805454194546,0.9993635757267475,0.9989438202480482,0.00029091892592077786,0.0008270345252822153,0.0002980462858522515,0.00047199991235174815,0.0950374256586656,0.08298379270825534,0.07970005286158993,0.08590709040950363,0.9334516291320324,0.9308083853125573,0.928098778501153,0.9307862643152474,0.9049625741690397,0.9170162069052458,0.9202999468147754,0.9140929092963538,0.9117004302110565,0.916440468825651,0.9218980904375569,0.9166796631580879,0.838767823878299,0.8460891688807627,0.8554189814610428,0.8467586580733685,0.9992742337537616,0.99805278992385,0.9993583814481671,0.9988951350419261,0.0002653087350164456,0.000921071965503768,0.0003774113297623352,0.0005212640100941828,0.11106161526247357,0.08847065236461296,0.06605658060714101,0.08852961607807583,0.9363829948928919,0.9215218960569146,0.9103850601764207,0.9227633170420755,0.888938386788529,0.9115293488073885,0.9339434203137172,0.911470385303211
20,0.0002701703435345986,2.028667898615822,0.23963375412859023,0.9190812114998699,0.9250711100548505,0.9242500650137663,0.922800795522829,0.851684645274654,0.8607911474257708,0.8595240707695484,0.8573332878233244,0.9993044169992209,0.9982122660428285,0.9993725081533193,0.998963063731791,0.0002841558743330097,0.000813844759031781,0.000296304359617352,0.00046476833099404755,0.09386544235982001,0.0813828394562006,0.07935636721318588,0.08486821634306888,0.9330649276822806,0.9319262848049402,0.9284193874150515,0.9311368666340912,0.906134556978941,0.9186171614378691,0.9206436322629452,0.9151317835599186,0.9144081359498957,0.9178741996207934,0.9209655322385638,0.9177492892697514,0.8432186982604895,0.8485248624608758,0.853864269310169,0.8485359433438446,0.9992844763766514,0.9981007375074237,0.9993743970153037,0.998919870299793,0.0003041329892879362,0.0008058515874396884,0.00021938887548049536,0.00044312448406937343,0.09818322797504704,0.09417997237839056,0.1006130272250497,0.09765874252616245,0.9276869216661775,0.9303679801105114,0.9439097656292862,0.9339882224686583,0.901816774620099,0.9058200288354681,0.899386971854092,0.9023412584365532
21,0.00024315330918113872,1.9899444582406431,0.23492673633154482,0.9220786973834038,0.9265210039168597,0.9258128340542316,0.9248041784514982,0.8561322563886642,0.8632684284448624,0.8621775636076927,0.8605260828137401,0.9993181429803372,0.998246336504817,0.9993839778751135,0.9989828191200898,0.0002801054558949545,0.0008012865547425463,0.0002898451559485693,0.00045707905552869,0.09070490764454008,0.0795441778190434,0.07766964661888778,0.0826395773608237,0.9356321624666453,0.9329364936798811,0.9297020708024502,0.9327569089829921,0.9092950923740863,0.9204558219015598,0.9223303527384996,0.917360422338048,0.9152823753571242,0.9196731742848171,0.9241906330826577,0.9197153942415329,0.8446963014227621,0.8515918415583922,0.8593919170036745,0.8518933533282762,0.9992935999055926,0.9981219138991967,0.9993870224845544,0.9989341787631146,0.00029261788439000384,0.0009250331681818189,0.0002966731499123199,0.0005047747341613808,0.09963220408123531,0.08235657449518696,0.07857828909594021,0.08685568922412083,0.9311993389986875,0.9218049799458364,0.9271758466624143,0.9267267218689793,0.900367796421051,0.9176434271791009,0.9214217147130644,0.9131443127710718
22,0.00021883797826302486,1.9507698637899011,0.2341560162603855,0.9232021411508322,0.9282534332573413,0.9268972377479077,0.9261176040520255,0.8581675681471824,0.8662824592739343,0.8641013040393591,0.8628504438201587,0.9993306781351566,0.9982834369689226,0.9993939699232578,0.9990026950091123,0.000275395356336503,0.0007843093364135711,0.00028564496616354516,0.00044844988630454,0.08952359994407744,0.07771308618597686,0.07668629742227495,0.08130766118410972,0.93669507779181,0.9345137979835272,0.9309219394624233,0.9340436050792538,0.9104764009267092,0.922286913767457,0.9233137025684118,0.9186923390875263,0.9164127365926679,0.920410241303819,0.9250716520159432,0.9206315433041437,0.8466123730948801,0.8528540522864695,0.860908073655675,0.8534581663456747,0.9993050821711508,0.9981236926625284,0.9993955660402105,0.9989414469579629,0.00028445834077808356,0.0010288446171083645,0.0002847591366323255,0.000532687364839591,0.0985823418484645,0.07354647595058666,0.07965924406654379,0.08392935395519827,0.9324214820111736,0.9145277410410764,0.9300442378172714,0.9256644869565073,0.9014176572306772,0.9264535254307007,0.920340755682313,0.916070646114564
23,0.00019695418043672237,1.9287662267452106,0.2320107261184603,0.9245135729759931,0.9288977962732315,0.9277548602223397,0.9270554098238547,0.8603591350466013,0.8674075180292129,0.8655735792964697,0.8644467441240947,0.9993379100412131,0.9983020712435245,0.9994005079567433,0.9990134964138276,0.0002728612528881058,0.0007777598904067418,0.00028349263873678866,0.00044470459401054553,0.08779810953885317,0.07703537361696362,0.07560627346625552,0.08014658554069086,0.9374945527315139,0.935100268125534,0.9314220455288887,0.934672288795313,0.9122018898278474,0.9229646257311106,0.9243937259912491,0.9198534138500705,0.9172225822223706,0.9199620445122879,0.9245634728603149,0.9205826998649911,0.8479676789112305,0.8520861368500785,0.8600514993238985,0.853368438361736,0.9993043508422509,0.9981547085086951,0.9993962270490239,0.9989517621333233,0.00031795106083285483,0.0007447586512569799,0.00025117782308697813,0.0004379625117256043,0.09106721356511116,0.09476718139112665,0.08772616134433264,0.09118685210019015,0.9260608466823449,0.9352849078982064,0.9374069584889358,0.9329175710231622,0.9089327856396021,0.9052328145905827,0.9122738356000921,0.9088131452767588
24,0.00017725876239305013,1.8962365674087778,0.2318663033656776,0.924791013866097,0.9292831657081843,0.9285485480395664,0.9272121535834813,0.8617526260763406,0.86861104991287,0.8669270131555159,0.8654361272417006,0.999350785985589,0.9983314979076385,0.999406555492678,0.9990298194065693,0.00026855328875626585,0.0007662370676098363,0.00028025446495457085,0.000438259233004222,0.08574615788878873,0.0762397219100967,0.07462158454150819,0.07897286635435502,0.9372198424488306,0.9350819016993046,0.9319991793143138,0.9344267184163132,0.9130038428306579,0.9237602780386805,0.9253784151041463,0.9204021337193748,0.9165431107028147,0.921770465507936,0.9247454625836918,0.9210196795981478,0.8468193458707145,0.8551711024862997,0.8603369607014603,0.8541091363528247,0.9993108222993572,0.9981709819161491,0.9993801746475562,0.9989539929543543,0.0002466045316600429,0.0008981686453021058,0.00037322051331317154,0.0005059978967584401,0.10589441761709331,0.08053815201594589,0.061585672555512255,0.08267274739618383,0.9406275052702828,0.9241637955890613,0.9116963442791713,0.9254958817128384,0.8941055817550487,0.9194618483607688,0.9384143272142732,0.9173272524433632
25,0.00015953288615374513,1.875751544139348,0.2332895293366164,0.9269329262524844,0.9309402832388878,0.9293761226534843,0.9290831107149519,0.8644612858444453,0.8709593795239925,0.8683518339693547,0.8679241664459321,0.9993589708209037,0.9983490170538425,0.9994112233817577,0.999039737085499,0.00026494572523006355,0.00075877848546952,0.000278320679681201,0.0004340149634602612,0.08479074588743969,0.07461810150416567,0.07373701906297356,0.07771528881819298,0.9392311219125986,0.9367321898043156,0.9327909612655639,0.9362514243274929,0.9152092542499304,0.9253818985074759,0.9262629814445973,0.9222847114006661,0.9181361037693666,0.9190260145101654,0.9235687677779895,0.9202436286858402,0.8494885329450115,0.8504806033680948,0.8583335287115547,0.8527675550082203,0.999308680550436,0.9981457075376189,0.9993939372930634,0.9989494417937063,0.00033663230094001787,0.0006577746914516548,0.00021645282731186128,0.00040361993990117786,0.08519664515605134,0.10260592350799046,0.09662022768111711,0.0948075987817196,0.9218162954523322,0.9418362955029091,0.9449152598220311,0.9361892835924241,0.9148033542579479,0.8973940758222945,0.9033797731560268,0.9051924010787566
26,0.0001435795975383706,1.8570853486307897,0.22640095523092896,0.9271398869156837,0.9315808431059122,0.929838996976614,0.9295199089994037,0.8650293845310807,0.8720782317966222,0.869161783233285,0.868756466520329,0.9993671176582575,0.9983616202324629,0.9994185520708561,0.9990490966538598,0.0002620358360638875,0.0007539121564695961,0.00027538306562291837,0.0004304436860521338,0.08465805379208177,0.07378432366997004,0.07345888497773558,0.07730042081326248,0.9397129651159049,0.9372176157683134,0.9333962149173022,0.9367755986005064,0.9153419459611177,0.9262156760692597,0.9265411156415939,0.9226995792239906,0.9190367708045445,0.9225829940163688,0.927072780855586,0.9228975152254996,0.8510294389188959,0.8565780433376183,0.8643785728497452,0.8573286850354196,0.9993230265178038,0.9982053610715973,0.9994105817226882,0.9989796564373632,0.00028925024861145473,0.0007804894690359995,0.00028491655238407004,0.0004515520900105083,0.09289147889011362,0.0872931672113665,0.07578494780686464,0.08532319796944826,0.9316796553268861,0.9327593760543995,0.9301458483331659,0.9315282932381506,0.9071085238724612,0.9127068332072055,0.9242150515652774,0.9146768028816479
27,0.00012922163778453355,1.838405572809279,0.22694969119038433,0.9286692967265844,0.9324510066211223,0.9306466741859913,0.9305889925112334,0.8674687496572733,0.8735892408341169,0.8705624860525131,0.8705401588479681,0.9993739792704582,0.9983812622725964,0.9994229056686162,0.9990593824038903,0.00025956226538710326,0.0007442635358165717,0.0002730479760793969,0.00042562459242769034,0.08265075591392815,0.0729209042293951,0.07228902574395761,0.07595356196242693,0.9404907323420048,0.9380376525223255,0.9338198730349541,0.9374494192997618,0.9173492457717657,0.9270790961384773,0.9277109739184379,0.9240464386095618,0.9189684357535973,0.9220151660147677,0.9276833936069788,0.9228889984584474,0.8509671313039372,0.8556141116645899,0.865437559197458,0.8573396007219951,0.9993274406100927,0.9982016602259004,0.9994129987245195,0.9989806998535041,0.00026239146613528993,0.0007198344663654067,0.00029492931673630253,0.00042571841641233306,0.09863672208752525,0.09276234291577606,0.07248724071999614,0.08796210190776586,0.9377791211846169,0.9373691899053166,0.9280467488792505,0.9343983533230614,0.9013632763637586,0.9072376576702247,0.9275127575638589,0.9120378971992806
28,0.0001162994740060802,1.8240258760051802,0.22713319677859545,0.9286032256856561,0.9328767243027687,0.9307814645022154,0.9307538048302135,0.8677521664835512,0.874349063038826,0.8708212005347014,0.8709741433523603,0.9993770636618138,0.9983956506848335,0.999424771592021,0.9990658286462228,0.0002590575746921786,0.0007378678480017697,0.0002723487067623864,0.00042309137648544536,0.08244857157813384,0.072518434333615,0.07250339126447215,0.07582346572540707,0.9401707557961345,0.938476681932807,0.9343284672498703,0.9376586349929368,0.9175514286756515,0.9274815658479929,0.9274966093152761,0.9241765346129732,0.9195000542683548,0.9223494342203891,0.9262104369281383,0.9226866418056275,0.8518411135405637,0.8561819557393535,0.8629288907801167,0.8569839866866781,0.9993277821647987,0.9982079126861658,0.999410714995995,0.998982136615653,0.0002837638215199793,0.000725184671915649,0.00023849771535965834,0.0004158154029317625,0.09331371229183807,0.09176421383123719,0.08721332909183556,0.0907637517383036,0.9330805118164319,0.9369968075430795,0.9402448494782608,0.9367740562792576,0.9066862838991573,0.9082357876756219,0.9127866732940245,0.9092362482896015
29,0.00010466952660547218,1.8071310742525384,0.2242885142331943,0.9296555801481009,0.933606885150075,0.931070636510849,0.9314443672696749,0.8692167983204127,0.8756304965168238,0.8713290467858315,0.8720587805410225,0.9993840183317662,0.9984117326885462,0.9994277375936508,0.9990744962046536,0.00025565707091118383,0.0007325588799722027,0.00027012613808437893,0.00041944736298925507,0.081446389737539,0.07141499132383615,0.0723321857699193,0.07506452227709809,0.9412394452095032,0.938820276632905,0.9347162441909314,0.938258655344447,0.9185536109656095,0.9285850086063147,0.9276678142696619,0.924935477947196,0.9190492496061861,0.9240471037586083,0.9282412421837282,0.9237791985161742,0.851091925347789,0.859099189217171,0.8663943081759335,0.8588618075802977,0.9993304476309358,0.9982209500302089,0.9994169641076849,0.9989894539229432,0.00024704453971935436,0.0008977341486580586,0.00029701104039703025,0.0004805965762581479,0.10135150947765018,0.07613926544115784,0.07122188111704388,0.08290421867861729,0.9408589320236378,0.9243017897177278,0.9278668888499227,0.9310092035304296,0.8986484890573481,0.9238607361075584,0.9287781179620979,0.917095781042335
30,9.420257394492497e-05,1.7882544474559836,0.22204718587454408,0.9305740837007761,0.9342880564928054,0.9320849969238043,0.9323157123724632,0.8707643358409405,0.8768245615065098,0.8730862107127905,0.8735583693534129,0.9993916351348162,0.9984277781844139,0.9994335446506739,0.9990843193233006,0.0002525689322374092,0.0007256235450586245,0.0002685535704404174,0.00041558201591215094,0.0805470623075962,0.07085962612647563,0.07100352823268623,0.0741367388889193,0.9421745076775551,0.9396103735268116,0.9353720344603061,0.9390523052215568,0.9194529381394386,0.9291403730213642,0.9289964710175991,0.9258632607261339,0.9204253065452147,0.9245369394173782,0.9285160852282235,0.9244927770636053,0.8534080915236741,0.8599407579121965,0.8668822358163555,0.8600770284174083,0.9993350914355075,0.9982443559035826,0.9994216501043084,0.9990003658144659,0.00028392615434752905,0.0008039467822854522,0.00028241750938893726,0.0004567634820073062,0.09149044371220504,0.08210768379019888,0.07365996478481239,0.08241936409573875,0.9330594064144606,0.9313586093066784,0.9308661523829685,0.9317613893680355,0.908509557166796,0.9178923180933749,0.9263400341687578,0.9175806364763093
